account_id,run_id,mode,fill_id,trade_id,timestamp,ticker,side,qty,price,amount,fee,reason,target,stop,realized_pnl,cash_after,bar_ts,bar_open,bar_high,bar_low,bar_close,signal_change_pct,signal_vol_ratio,data_source,strategy_hash
0,bt-20261002-082504,backtest,1,1,2026-09-25T09:35:00-04:00,MSFT,BUY,1.964292,509.0894,1000.0,0.0,rules: trigger met,511.0894,,,9000.0,2026-09-25T09:35:00-04:00,508.835,512.77,508.6989,510.705,2.2,7.82,yahoo,7b3e8db7e6
0,bt-20261002-082504,backtest,2,1,2026-09-25T09:35:00-04:00,MSFT,SELL,1.964292,511.0894,1003.93,0.0,target,511.0894,,3.93,10003.93,2026-09-25T09:35:00-04:00,508.835,512.77,508.6989,510.705,,,yahoo,7b3e8db7e6
0,bt-20261002-082504,backtest,3,2,2026-09-28T09:35:00-04:00,NVDA,BUY,4.308003,232.1261,1000.0,0.0,rules: trigger met,234.1261,,,9003.93,2026-09-28T09:35:00-04:00,232.0101,233.2,231.61,232.56,3.09,13.56,yahoo,7b3e8db7e6
0,bt-20261002-082504,backtest,4,3,2026-09-29T09:55:00-04:00,AMD,BUY,1.60831,621.7708,1000.0,0.0,rules: trigger met,623.7708,,,8003.93,2026-09-29T09:55:00-04:00,621.46,624.13,621.05,621.185,2.23,2.51,yahoo,7b3e8db7e6
0,bt-20261002-082504,backtest,5,3,2026-09-29T09:55:00-04:00,AMD,SELL,1.60831,623.7708,1003.22,0.0,target,623.7708,,3.22,9007.15,2026-09-29T09:55:00-04:00,621.46,624.13,621.05,621.185,,,yahoo,7b3e8db7e6
0,bt-20261002-082504,backtest,6,4,2026-09-30T09:55:00-04:00,AAPL,BUY,2.985098,334.9974,1000.0,0.0,rules: trigger met,336.9974,,,8007.15,2026-09-30T09:55:00-04:00,334.83,335.9,334.57,335.77,1.64,1.55,yahoo,7b3e8db7e6
0,bt-20261002-082504,backtest,7,4,2026-09-30T10:00:00-04:00,AAPL,SELL,2.985098,336.9974,1005.97,0.0,target,336.9974,,5.97,9013.12,2026-09-30T10:00:00-04:00,335.75,338.27,335.72,338.16,,,yahoo,7b3e8db7e6
0,bt-20261002-082504,backtest,8,5,2026-09-30T10:00:00-04:00,MSFT,BUY,1.934242,516.9984,1000.0,0.0,rules: trigger met,518.9984,,,8013.12,2026-09-30T10:00:00-04:00,516.74,519.8297,516.63,519.39,1.53,1.72,yahoo,7b3e8db7e6
0,bt-20261002-082504,backtest,9,5,2026-09-30T10:00:00-04:00,MSFT,SELL,1.934242,518.9984,1003.87,0.0,target,518.9984,,3.87,9016.98,2026-09-30T10:00:00-04:00,516.74,519.8297,516.63,519.39,,,yahoo,7b3e8db7e6
0,bt-20261002-082504,backtest,10,6,2026-09-30T10:10:00-04:00,AMZN,BUY,3.980011,251.2556,1000.0,0.0,rules: trigger met,253.2556,,,8016.98,2026-09-30T10:10:00-04:00,251.13,251.15,250.26,250.59,1.81,1.79,yahoo,7b3e8db7e6
0,bt-20261002-095549,backtest,1,1,2026-09-25T09:35:00-04:00,ARM,BUY,3.113562,321.1755,1000.0,0.0,rules: trigger met,323.1755,,,9000.0,2026-09-25T09:35:00-04:00,321.015,322.6428,319.15,320.3,4.77,17.93,yahoo,f74a6ab59f
0,bt-20261002-095549,backtest,2,2,2026-09-25T09:35:00-04:00,BE,BUY,3.628938,275.5627,1000.0,0.0,rules: trigger met,277.5627,,,8000.0,2026-09-25T09:35:00-04:00,275.425,277.71,274.76,275.9799,3.29,6.12,yahoo,f74a6ab59f
0,bt-20261002-095549,backtest,3,2,2026-09-25T09:35:00-04:00,BE,SELL,3.628938,277.5627,1007.26,0.0,target,277.5627,,7.26,9007.26,2026-09-25T09:35:00-04:00,275.425,277.71,274.76,275.9799,,,yahoo,f74a6ab59f
0,bt-20261002-095549,backtest,4,3,2026-09-25T09:35:00-04:00,FSLR,BUY,5.647213,177.0785,1000.0,0.0,rules: trigger met,179.0785,,,8007.26,2026-09-25T09:35:00-04:00,176.99,178.45,176.1604,177.99,2.61,9.73,yahoo,f74a6ab59f
0,bt-20261002-095549,backtest,5,4,2026-09-25T09:35:00-04:00,SNDK,BUY,0.55539,1800.5381,1000.0,0.0,rules: trigger met,1802.5381,,,7007.26,2026-09-25T09:35:00-04:00,1799.6383,1814.96,1797.1776,1812.4,2.62,5.38,yahoo,f74a6ab59f
0,bt-20261002-095549,backtest,6,4,2026-09-25T09:35:00-04:00,SNDK,SELL,0.55539,1802.5381,1001.11,0.0,target,1802.5381,,1.11,8008.37,2026-09-25T09:35:00-04:00,1799.6383,1814.96,1797.1776,1812.4,,,yahoo,f74a6ab59f
0,bt-20261002-095549,backtest,7,5,2026-09-25T09:40:00-04:00,ETSY,BUY,14.237896,70.2351,1000.0,0.0,rules: trigger met,72.2351,,,7008.37,2026-09-25T09:40:00-04:00,70.2,70.38,69.55,69.55,1.75,1.49,yahoo,f74a6ab59f
0,bt-20261002-095549,backtest,8,6,2026-09-25T09:40:00-04:00,P,BUY,7.976221,125.3727,1000.0,0.0,rules: trigger met,127.3727,,,6008.37,2026-09-25T09:40:00-04:00,125.31,127.4499,125.31,127.14,3.01,2.34,yahoo,f74a6ab59f
0,bt-20261002-095549,backtest,9,6,2026-09-25T09:40:00-04:00,P,SELL,7.976221,127.3727,1015.95,0.0,target,127.3727,,15.95,7024.32,2026-09-25T09:40:00-04:00,125.31,127.4499,125.31,127.14,,,yahoo,f74a6ab59f
0,bt-20261002-095549,backtest,10,1,2026-09-25T09:45:00-04:00,ARM,SELL,3.113562,323.1755,1006.23,0.0,target,323.1755,,6.23,8030.55,2026-09-25T09:45:00-04:00,320.86,323.5,320.0,321.8191,,,yahoo,f74a6ab59f
0,bt-20261002-095549,backtest,11,7,2026-09-25T09:45:00-04:00,WDC,BUY,2.181148,458.4741,1000.0,0.0,rules: trigger met,460.4741,,,7030.55,2026-09-25T09:45:00-04:00,458.245,458.9174,453.58,454.78,1.72,3.61,yahoo,f74a6ab59f
0,bt-20261002-095549,backtest,12,8,2026-09-25T09:55:00-04:00,COHR,BUY,3.387103,295.2375,1000.0,0.0,rules: trigger met,297.2375,,,6030.55,2026-09-25T09:55:00-04:00,295.09,295.6416,293.34,293.98,1.64,1.97,yahoo,f74a6ab59f
0,bt-20261002-095549,backtest,13,7,2026-09-25T10:45:00-04:00,WDC,SELL,2.181148,460.4741,1004.36,0.0,target,460.4741,,4.36,7034.91,2026-09-25T10:45:00-04:00,455.38,461.98,455.1878,455.97,,,yahoo,f74a6ab59f
0,bt-20261002-095549,backtest,14,9,2026-09-25T11:20:00-04:00,RGTI,BUY,58.707799,17.0335,1000.0,0.0,rules: trigger met,19.0335,,,6034.91,2026-09-25T11:20:00-04:00,17.025,17.19,17.0238,17.1401,3.16,1.25,yahoo,f74a6ab59f
0,bt-20261002-095549,backtest,15,10,2026-09-25T11:25:00-04:00,IONQ,BUY,21.610816,46.2731,1000.0,0.0,rules: trigger met,48.2731,,,5034.91,2026-09-25T11:25:00-04:00,46.25,46.36,45.73,45.9,2.87,1.85,yahoo,f74a6ab59f
0,bt-20261002-095549,backtest,16,3,2026-09-25T11:45:00-04:00,FSLR,SELL,5.647213,179.0785,1011.29,0.0,target,179.0785,,11.29,6046.2,2026-09-25T11:45:00-04:00,177.9901,179.21,177.75,178.99,,,yahoo,f74a6ab59f
0,bt-20261002-095549,backtest,17,8,2026-09-25T12:05:00-04:00,COHR,SELL,3.387103,297.2375,1006.77,0.0,target,297.2375,,6.77,7052.98,2026-09-25T12:05:00-04:00,295.965,299.595,295.6082,299.365,,,yahoo,f74a6ab59f
0,bt-20261002-095549,backtest,18,11,2026-09-25T12:25:00-04:00,QBTS,BUY,56.309873,17.7589,1000.0,0.0,rules: trigger met,19.7589,,,6052.98,2026-09-25T12:25:00-04:00,17.75,17.78,17.66,17.685,1.54,1.21,yahoo,f74a6ab59f
0,bt-20261002-095549,backtest,19,12,2026-09-28T09:35:00-04:00,P,BUY,7.769143,128.7143,1000.0,0.0,rules: trigger met,130.7143,,,5052.98,2026-09-28T09:35:00-04:00,128.65,129.5,127.12,129.08,2.1,5.02,yahoo,f74a6ab59f
0,bt-20261002-095549,backtest,20,12,2026-09-28T15:25:00-04:00,P,SELL,7.769143,130.7143,1015.54,0.0,target,130.7143,,15.54,6068.52,2026-09-28T15:25:00-04:00,130.58,130.88,130.52,130.585,,,yahoo,f74a6ab59f
0,bt-20261002-095549,backtest,21,13,2026-09-29T09:35:00-04:00,BE,BUY,3.532365,283.0965,1000.0,0.0,rules: trigger met,285.0965,,,5068.52,2026-09-29T09:35:00-04:00,282.955,286.4261,282.0589,284.25,7.64,13.79,yahoo,f74a6ab59f
0,bt-20261002-095549,backtest,22,13,2026-09-29T09:35:00-04:00,BE,SELL,3.532365,285.0965,1007.06,0.0,target,285.0965,,7.06,6075.58,2026-09-29T09:35:00-04:00,282.955,286.4261,282.0589,284.25,,,yahoo,f74a6ab59f
0,bt-20261002-095549,backtest,23,14,2026-09-29T09:40:00-04:00,SOXL,BUY,6.744266,148.2741,1000.0,0.0,rules: trigger met,150.2741,,,5075.58,2026-09-29T09:40:00-04:00,148.2,148.479,146.73,148.0801,4.09,7.97,yahoo,f74a6ab59f
0,bt-20261002-095549,backtest,24,14,2026-09-29T09:55:00-04:00,SOXL,SELL,6.744266,150.2741,1013.49,0.0,target,150.2741,,13.49,6089.07,2026-09-29T09:55:00-04:00,149.78,150.855,149.705,149.905,,,yahoo,f74a6ab59f
0,bt-20261002-095549,backtest,25,15,2026-09-29T10:00:00-04:00,LITE,BUY,1.003494,996.518,1000.0,0.0,rules: trigger met,998.518,,,5089.07,2026-09-29T10:00:00-04:00,996.02,996.99,969.0,970.34,8.11,4.52,yahoo,f74a6ab59f
0,bt-20261002-095549,backtest,26,15,2026-09-30T09:30:00-04:00,LITE,SELL,1.003494,998.518,1002.01,0.0,target,998.518,,2.01,6091.08,2026-09-30T09:30:00-04:00,983.14,1009.45,972.52,976.85,,,yahoo,f74a6ab59f
0,bt-20261002-095549,backtest,27,16,2026-09-30T09:35:00-04:00,MDB,BUY,2.7919,358.179,1000.0,0.0,rules: trigger met,360.179,,,5091.08,2026-09-30T09:35:00-04:00,358.0,370.4295,355.0,365.64,6.05,19.09,yahoo,f74a6ab59f
0,bt-20261002-095549,backtest,28,16,2026-09-30T09:35:00-04:00,MDB,SELL,2.7919,360.179,1005.58,0.0,target,360.179,,5.58,6096.66,2026-09-30T09:35:00-04:00,358.0,370.4295,355.0,365.64,,,yahoo,f74a6ab59f
0,bt-20261002-095549,backtest,29,17,2026-09-30T09:40:00-04:00,USO,BUY,6.804645,146.9584,1000.0,0.0,rules: trigger met,148.9584,,,5096.66,2026-09-30T09:40:00-04:00,146.885,146.92,146.49,146.57,2.47,5.89,yahoo,f74a6ab59f
0,bt-20261002-095549,backtest,30,5,2026-09-30T10:00:00-04:00,ETSY,SELL,14.237896,72.2351,1028.48,0.0,target,72.2351,,28.48,6125.14,2026-09-30T10:00:00-04:00,71.48,72.33,71.39,72.32,,,yahoo,f74a6ab59f
0,bt-20261002-095549,backtest,31,18,2026-09-30T10:05:00-04:00,GEN,BUY,46.607613,21.4557,1000.0,0.0,rules: trigger met,23.4557,,,5125.14,2026-09-30T10:05:00-04:00,21.445,21.6,21.435,21.575,2.83,3.66,yahoo,f74a6ab59f
0,bt-20261002-095549,backtest,32,17,2026-10-01T11:10:00-04:00,USO,SELL,6.804645,148.9584,1013.61,0.0,target,148.9584,,13.61,6138.75,2026-10-01T11:10:00-04:00,148.42,149.05,148.42,148.85,,,yahoo,f74a6ab59f
0,bt-20261002-095549,backtest,33,19,2026-10-01T11:15:00-04:00,FICO,BUY,1.544823,647.3235,1000.0,0.0,rules: trigger met,649.3235,,,5138.75,2026-10-01T11:15:00-04:00,647.0,648.65,644.88,646.27,9.2,6.8,yahoo,f74a6ab59f
0,bt-20261002-095549,backtest,34,19,2026-10-01T11:20:00-04:00,FICO,SELL,1.544823,649.3235,1003.09,0.0,target,649.3235,,3.09,6141.84,2026-10-01T11:20:00-04:00,646.625,649.9202,645.7475,645.7475,,,yahoo,f74a6ab59f
0,bt-20261002-095549,backtest,35,20,2026-10-01T11:25:00-04:00,JBL,BUY,3.384179,295.4927,1000.0,0.0,rules: trigger met,297.4927,,,5141.84,2026-10-01T11:25:00-04:00,295.345,296.04,295.275,295.595,2.96,2.52,yahoo,f74a6ab59f
0,bt-20261002-095549,backtest,36,20,2026-10-01T11:35:00-04:00,JBL,SELL,3.384179,297.4927,1006.77,0.0,target,297.4927,,6.77,6148.6,2026-10-01T11:35:00-04:00,295.95,297.655,295.605,297.63,,,yahoo,f74a6ab59f
0,bt-20261002-095549,backtest,37,21,2026-10-01T11:40:00-04:00,TWLO,BUY,3.354816,298.079,1000.0,0.0,rules: trigger met,300.079,,,5148.6,2026-10-01T11:40:00-04:00,297.93,299.82,297.93,299.435,1.88,1.23,yahoo,f74a6ab59f
0,bt-20261002-095549,backtest,38,21,2026-10-01T11:55:00-04:00,TWLO,SELL,3.354816,300.079,1006.71,0.0,target,300.079,,6.71,6155.31,2026-10-01T11:55:00-04:00,299.86,300.6604,299.74,300.6604,,,yahoo,f74a6ab59f
0,bt-20261002-095549,backtest,39,22,2026-10-01T12:10:00-04:00,FDS,BUY,3.60531,277.3686,1000.0,0.0,rules: trigger met,279.3686,,,5155.31,2026-10-01T12:10:00-04:00,277.23,277.32,276.355,276.68,2.68,1.49,yahoo,f74a6ab59f
0,bt-20261002-095549,backtest,40,22,2026-10-01T12:40:00-04:00,FDS,SELL,3.60531,279.41,1007.36,0.0,target (gap up),279.3686,,7.36,6162.67,2026-10-01T12:40:00-04:00,279.41,279.41,278.0,278.535,,,yahoo,f74a6ab59f
0,bt-20261002-095549,backtest,41,23,2026-10-01T12:45:00-04:00,SNPS,BUY,2.080602,480.6302,1000.0,0.0,rules: trigger met,482.6302,,,5162.67,2026-10-01T12:45:00-04:00,480.39,480.9799,479.96,480.465,10.4,3.48,yahoo,f74a6ab59f
0,bt-20261002-095549,backtest,42,23,2026-10-01T12:55:00-04:00,SNPS,SELL,2.080602,482.6302,1004.16,0.0,target,482.6302,,4.16,6166.84,2026-10-01T12:55:00-04:00,480.74,482.99,480.74,482.5,,,yahoo,f74a6ab59f
