run_id,mode,date,ticker,source,score,reason
bt-20261002-095549,backtest,2026-09-25,GEN,scan,71.739,"4.3% avg daily range, 4.4× volume and -12.0% the day before"
bt-20261002-095549,backtest,2026-09-25,FSLR,scan,56.749,"5.3% avg daily range, 3.0× volume and -10.3% the day before"
bt-20261002-095549,backtest,2026-09-25,GDDY,scan,47.542,"5.4% avg daily range, 4.1× volume and +4.6% the day before"
bt-20261002-095549,backtest,2026-09-25,P,scan,42.327,"5.4% avg daily range, 1.9× volume and +11.2% the day before"
bt-20261002-095549,backtest,2026-09-25,MGM,scan,41.288,"2.3% avg daily range, 6.9× volume and -11.0% the day before"
bt-20261002-095549,backtest,2026-09-25,U,scan,37.6,"4.6% avg daily range, 3.2× volume and -6.1% the day before"
bt-20261002-095549,backtest,2026-09-25,IONQ,scan,33.963,"6.2% avg daily range, 2.1× volume and +5.7% the day before"
bt-20261002-095549,backtest,2026-09-25,ARM,scan,32.907,"5.1% avg daily range, 2.0× volume and -7.9% the day before"
bt-20261002-095549,backtest,2026-09-25,AKAM,scan,31.345,"5.1% avg daily range, 2.1× volume and -6.8% the day before"
bt-20261002-095549,backtest,2026-09-25,UNG,scan,26.486,"2.8% avg daily range, 3.6× volume and +6.3% the day before"
bt-20261002-095549,backtest,2026-09-25,ETSY,scan,20.129,"4.3% avg daily range, 1.5× volume and -6.4% the day before"
bt-20261002-095549,backtest,2026-09-25,RIOT,scan,19.903,"5.6% avg daily range, 1.3× volume and -4.9% the day before"
bt-20261002-095549,backtest,2026-09-25,ILMN,scan,19.573,"4.9% avg daily range, 1.1× volume and +7.3% the day before"
bt-20261002-095549,backtest,2026-09-25,MRNA,scan,18.729,"7.1% avg daily range, 0.6× volume and +7.0% the day before"
bt-20261002-095549,backtest,2026-09-25,RCL,scan,17.823,"3.6% avg daily range, 2.3× volume and +3.8% the day before"
bt-20261002-095549,backtest,2026-09-25,ORCL,scan,17.765,"4.3% avg daily range, 2.0× volume and -3.5% the day before"
bt-20261002-095549,backtest,2026-09-25,TWLO,scan,17.272,"4.8% avg daily range, 1.7× volume and +3.1% the day before"
bt-20261002-095549,backtest,2026-09-25,QBTS,scan,16.656,"5.5% avg daily range, 1.2× volume and +4.0% the day before"
bt-20261002-095549,backtest,2026-09-25,ROL,scan,16.482,"2.5% avg daily range, 2.4× volume and -6.4% the day before"
bt-20261002-095549,backtest,2026-09-25,WDC,scan,16.099,"5.2% avg daily range, 1.1× volume and -4.9% the day before"
bt-20261002-095549,backtest,2026-09-25,CRL,scan,15.984,"3.3% avg daily range, 1.7× volume and +6.2% the day before"
bt-20261002-095549,backtest,2026-09-25,BE,scan,15.648,"5.7% avg daily range, 1.2× volume and -3.1% the day before"
bt-20261002-095549,backtest,2026-09-25,META,scan,15.036,"3.6% avg daily range, 1.7× volume and +4.5% the day before"
bt-20261002-095549,backtest,2026-09-25,RGTI,scan,14.908,"5.7% avg daily range, 1.1× volume and +3.1% the day before"
bt-20261002-095549,backtest,2026-09-25,AFRM,scan,14.867,"4.4% avg daily range, 1.2× volume and +5.1% the day before"
bt-20261002-095549,backtest,2026-09-25,RVTY,scan,14.421,"3.6% avg daily range, 1.3× volume and +6.0% the day before"
bt-20261002-095549,backtest,2026-09-25,INTC,scan,13.954,"4.7% avg daily range, 1.2× volume and +3.9% the day before"
bt-20261002-095549,backtest,2026-09-25,MARA,scan,13.601,"6.4% avg daily range, 0.8× volume and -3.2% the day before"
bt-20261002-095549,backtest,2026-09-25,EFX,scan,12.974,"3.7% avg daily range, 1.4× volume and -4.2% the day before"
bt-20261002-095549,backtest,2026-09-25,PATH,scan,12.81,"6.0% avg daily range, 0.8× volume and -3.4% the day before"
bt-20261002-095549,backtest,2026-09-25,FDXF,scan,12.571,"3.9% avg daily range, 1.2× volume and -4.5% the day before"
bt-20261002-095549,backtest,2026-09-25,COHR,scan,12.495,"6.0% avg daily range, 0.7× volume and -3.3% the day before"
bt-20261002-095549,backtest,2026-09-25,FICO,scan,12.398,"4.3% avg daily range, 1.4× volume and -2.6% the day before"
bt-20261002-095549,backtest,2026-09-25,RBLX,scan,12.227,"4.7% avg daily range, 1.9× volume and -0.3% the day before"
bt-20261002-095549,backtest,2026-09-25,XYL,scan,12.151,"2.6% avg daily range, 1.7× volume and -5.5% the day before"
bt-20261002-095549,backtest,2026-09-25,SWKS,scan,12.143,"6.4% avg daily range, 0.6× volume and -4.0% the day before"
bt-20261002-095549,backtest,2026-09-25,AMP,scan,12.0,"2.9% avg daily range, 1.9× volume and -3.5% the day before"
bt-20261002-095549,backtest,2026-09-25,CHWY,scan,11.902,"4.8% avg daily range, 1.5× volume and -1.2% the day before"
bt-20261002-095549,backtest,2026-09-25,CLSK,scan,11.873,"6.4% avg daily range, 1.0× volume and -1.4% the day before"
bt-20261002-095549,backtest,2026-09-25,SNDK,scan,11.202,"5.6% avg daily range, 0.7× volume and -3.5% the day before"
bt-20261002-095549,backtest,2026-09-28,AKAM,scan,52.633,"5.8% avg daily range, 7.4× volume and +3.2% the day before"
bt-20261002-095549,backtest,2026-09-28,GEN,scan,44.105,"4.7% avg daily range, 3.7× volume and -6.3% the day before"
bt-20261002-095549,backtest,2026-09-28,ZS,scan,38.259,"5.0% avg daily range, 2.0× volume and -10.1% the day before"
bt-20261002-095549,backtest,2026-09-28,TWLO,scan,32.559,"5.2% avg daily range, 1.9× volume and -8.0% the day before"
bt-20261002-095549,backtest,2026-09-28,BE,scan,25.584,"5.9% avg daily range, 1.1× volume and +8.3% the day before"
bt-20261002-095549,backtest,2026-09-28,DKNG,scan,19.616,"4.9% avg daily range, 1.8× volume and +3.5% the day before"
bt-20261002-095549,backtest,2026-09-28,S,scan,19.449,"5.0% avg daily range, 1.2× volume and -6.7% the day before"
bt-20261002-095549,backtest,2026-09-28,MGM,scan,18.171,"2.7% avg daily range, 3.5× volume and -3.3% the day before"
bt-20261002-095549,backtest,2026-09-28,QCOM,scan,17.499,"5.2% avg daily range, 1.4× volume and +4.0% the day before"
bt-20261002-095549,backtest,2026-09-28,DDOG,scan,17.437,"4.8% avg daily range, 1.5× volume and +4.4% the day before"
bt-20261002-095549,backtest,2026-09-28,FSLR,scan,17.358,"5.4% avg daily range, 1.4× volume and +3.2% the day before"
bt-20261002-095549,backtest,2026-09-28,ON,scan,16.67,"4.8% avg daily range, 1.2× volume and +5.5% the day before"
bt-20261002-095549,backtest,2026-09-28,RBLX,scan,16.412,"4.8% avg daily range, 1.2× volume and -4.9% the day before"
bt-20261002-095549,backtest,2026-09-28,HUM,scan,16.23,"3.4% avg daily range, 2.0× volume and +4.6% the day before"
bt-20261002-095549,backtest,2026-09-28,SMCI,scan,15.969,"5.0% avg daily range, 1.2× volume and +4.2% the day before"
bt-20261002-095549,backtest,2026-09-28,GDDY,scan,15.774,"5.5% avg daily range, 1.2× volume and -3.6% the day before"
bt-20261002-095549,backtest,2026-09-28,SOXL,scan,15.652,"6.2% avg daily range, 1.0× volume and +3.5% the day before"
bt-20261002-095549,backtest,2026-09-28,OKTA,scan,15.611,"5.2% avg daily range, 0.9× volume and -5.5% the day before"
bt-20261002-095549,backtest,2026-09-28,DELL,scan,14.884,"5.1% avg daily range, 1.0× volume and +5.0% the day before"
bt-20261002-095549,backtest,2026-09-28,HUT,scan,14.882,"7.4% avg daily range, 0.5× volume and -4.6% the day before"
bt-20261002-095549,backtest,2026-09-28,P,scan,14.173,"5.6% avg daily range, 1.0× volume and +3.4% the day before"
bt-20261002-095549,backtest,2026-09-28,IONQ,scan,14.087,"6.4% avg daily range, 1.3× volume and +1.1% the day before"
bt-20261002-095549,backtest,2026-09-28,UNG,scan,13.994,"2.9% avg daily range, 2.3× volume and -3.6% the day before"
bt-20261002-095549,backtest,2026-09-28,CVS,scan,13.444,"2.6% avg daily range, 2.2× volume and +4.8% the day before"
bt-20261002-095549,backtest,2026-09-28,CLSK,scan,13.412,"6.5% avg daily range, 0.9× volume and -2.2% the day before"
bt-20261002-095549,backtest,2026-09-28,BIRK,scan,13.241,"3.5% avg daily range, 1.3× volume and +5.7% the day before"
bt-20261002-095549,backtest,2026-09-28,ILMN,scan,13.17,"5.0% avg daily range, 1.5× volume and -1.4% the day before"
bt-20261002-095549,backtest,2026-09-28,NET,scan,13.128,"5.6% avg daily range, 1.0× volume and -2.7% the day before"
bt-20261002-095549,backtest,2026-09-28,MARA,scan,12.893,"6.7% avg daily range, 0.7× volume and -2.9% the day before"
bt-20261002-095549,backtest,2026-09-28,CHTR,scan,12.834,"4.9% avg daily range, 1.0× volume and -3.9% the day before"
bt-20261002-095549,backtest,2026-09-28,ARM,scan,12.789,"5.2% avg daily range, 1.4× volume and +1.3% the day before"
bt-20261002-095549,backtest,2026-09-28,GNRC,scan,12.357,"4.4% avg daily range, 0.9× volume and +5.1% the day before"
bt-20261002-095549,backtest,2026-09-28,IT,scan,12.059,"4.4% avg daily range, 0.9× volume and +4.8% the day before"
bt-20261002-095549,backtest,2026-09-28,BKNG,scan,11.967,"3.8% avg daily range, 1.2× volume and +4.2% the day before"
bt-20261002-095549,backtest,2026-09-28,RIOT,scan,11.888,"5.7% avg daily range, 1.0× volume and -2.0% the day before"
bt-20261002-095549,backtest,2026-09-28,CAVA,scan,11.654,"4.2% avg daily range, 1.1× volume and -3.6% the day before"
bt-20261002-095549,backtest,2026-09-28,INTC,scan,11.445,"4.6% avg daily range, 1.0× volume and -3.4% the day before"
bt-20261002-095549,backtest,2026-09-28,PSKY,scan,10.929,"5.2% avg daily range, 1.0× volume and -2.2% the day before"
bt-20261002-095549,backtest,2026-09-28,RGTI,scan,10.798,"5.9% avg daily range, 1.0× volume and +1.0% the day before"
bt-20261002-095549,backtest,2026-09-28,MCHP,scan,10.752,"3.1% avg daily range, 1.2× volume and +5.4% the day before"
bt-20261002-095549,backtest,2026-09-29,MDB,scan,124.724,"5.7% avg daily range, 7.7× volume and -18.5% the day before"
bt-20261002-095549,backtest,2026-09-29,ARM,scan,34.953,"5.5% avg daily range, 1.8× volume and -8.7% the day before"
bt-20261002-095549,backtest,2026-09-29,RBLX,scan,30.544,"4.8% avg daily range, 1.6× volume and -9.9% the day before"
bt-20261002-095549,backtest,2026-09-29,CVNA,scan,26.231,"4.4% avg daily range, 2.0× volume and -7.1% the day before"
bt-20261002-095549,backtest,2026-09-29,BE,scan,25.304,"6.0% avg daily range, 1.0× volume and -8.9% the day before"
bt-20261002-095549,backtest,2026-09-29,AKAM,scan,25.057,"5.8% avg daily range, 1.8× volume and -4.3% the day before"
bt-20261002-095549,backtest,2026-09-29,SOXL,scan,24.954,"6.6% avg daily range, 1.2× volume and -6.0% the day before"
bt-20261002-095549,backtest,2026-09-29,NU,scan,22.945,"3.1% avg daily range, 2.0× volume and -10.0% the day before"
bt-20261002-095549,backtest,2026-09-29,BA,scan,22.727,"3.0% avg daily range, 2.7× volume and -6.9% the day before"
bt-20261002-095549,backtest,2026-09-29,QCOM,scan,22.218,"5.2% avg daily range, 1.2× volume and -7.2% the day before"
bt-20261002-095549,backtest,2026-09-29,GEN,scan,21.43,"4.7% avg daily range, 2.1× volume and -3.6% the day before"
bt-20261002-095549,backtest,2026-09-29,DUOL,scan,20.184,"4.7% avg daily range, 1.4× volume and -6.4% the day before"
bt-20261002-095549,backtest,2026-09-29,DASH,scan,19.748,"3.7% avg daily range, 1.6× volume and -7.7% the day before"
bt-20261002-095549,backtest,2026-09-29,IONQ,scan,17.846,"6.1% avg daily range, 1.6× volume and -2.0% the day before"
bt-20261002-095549,backtest,2026-09-29,TWLO,scan,17.332,"5.5% avg daily range, 1.2× volume and +4.1% the day before"
bt-20261002-095549,backtest,2026-09-29,DKNG,scan,17.013,"5.0% avg daily range, 1.4× volume and -3.9% the day before"
bt-20261002-095549,backtest,2026-09-29,COHR,scan,16.821,"5.6% avg daily range, 1.1× volume and -4.5% the day before"
bt-20261002-095549,backtest,2026-09-29,ALAB,scan,16.423,"6.1% avg daily range, 1.1× volume and -3.7% the day before"
bt-20261002-095549,backtest,2026-09-29,PSKY,scan,16.29,"5.4% avg daily range, 1.3× volume and +3.2% the day before"
bt-20261002-095549,backtest,2026-09-29,INTC,scan,15.953,"4.7% avg daily range, 1.1× volume and -5.7% the day before"
bt-20261002-095549,backtest,2026-09-29,RIOT,scan,15.68,"5.7% avg daily range, 0.7× volume and -6.0% the day before"
bt-20261002-095549,backtest,2026-09-29,ZS,scan,14.225,"5.3% avg daily range, 1.1× volume and +3.3% the day before"
bt-20261002-095549,backtest,2026-09-29,META,scan,13.602,"3.9% avg daily range, 1.3× volume and -4.8% the day before"
bt-20261002-095549,backtest,2026-09-29,CLSK,scan,13.221,"6.3% avg daily range, 0.6× volume and -4.4% the day before"
bt-20261002-095549,backtest,2026-09-29,CMG,scan,13.169,"3.6% avg daily range, 2.2× volume and +1.7% the day before"
bt-20261002-095549,backtest,2026-09-29,MGM,scan,13.148,"2.8% avg daily range, 2.7× volume and -2.2% the day before"
bt-20261002-095549,backtest,2026-09-29,QBTS,scan,13.108,"5.6% avg daily range, 0.9× volume and -3.6% the day before"
bt-20261002-095549,backtest,2026-09-29,RGTI,scan,13.036,"5.5% avg daily range, 0.8× volume and -4.3% the day before"
bt-20261002-095549,backtest,2026-09-29,PANW,scan,13.005,"4.7% avg daily range, 0.9× volume and +4.6% the day before"
bt-20261002-095549,backtest,2026-09-29,U,scan,12.889,"4.7% avg daily range, 1.0× volume and -4.1% the day before"
bt-20261002-095549,backtest,2026-09-29,HUT,scan,12.859,"7.3% avg daily range, 0.5× volume and -4.2% the day before"
bt-20261002-095549,backtest,2026-09-29,GDDY,scan,12.779,"5.1% avg daily range, 1.0× volume and -3.5% the day before"
bt-20261002-095549,backtest,2026-09-29,BX,scan,12.661,"2.8% avg daily range, 2.2× volume and -3.3% the day before"
bt-20261002-095549,backtest,2026-09-29,FSLR,scan,12.637,"5.3% avg daily range, 1.0× volume and -2.7% the day before"
bt-20261002-095549,backtest,2026-09-29,TEAM,scan,12.613,"4.3% avg daily range, 1.0× volume and -4.9% the day before"
bt-20261002-095549,backtest,2026-09-29,OKTA,scan,12.585,"5.5% avg daily range, 0.8× volume and +3.6% the day before"
bt-20261002-095549,backtest,2026-09-29,RIVN,scan,12.558,"4.1% avg daily range, 1.1× volume and -4.4% the day before"
bt-20261002-095549,backtest,2026-09-29,LITE,scan,12.383,"5.7% avg daily range, 1.0× volume and -2.2% the day before"
bt-20261002-095549,backtest,2026-09-29,AFRM,scan,12.156,"4.6% avg daily range, 0.7× volume and -6.0% the day before"
bt-20261002-095549,backtest,2026-09-29,ORCL,scan,11.86,"4.1% avg daily range, 1.2× volume and -3.3% the day before"
bt-20261002-095549,backtest,2026-09-30,FICO,scan,94.884,"4.3% avg daily range, 9.2× volume and -26.5% the day before"
bt-20261002-095549,backtest,2026-09-30,CCL,scan,45.539,"3.3% avg daily range, 3.2× volume and +13.4% the day before"
bt-20261002-095549,backtest,2026-09-30,BE,scan,40.716,"6.4% avg daily range, 1.5× volume and +10.8% the day before"
bt-20261002-095549,backtest,2026-09-30,DKNG,scan,35.344,"5.4% avg daily range, 2.1× volume and -7.4% the day before"
bt-20261002-095549,backtest,2026-09-30,MDB,scan,28.605,"6.0% avg daily range, 3.6× volume and +0.7% the day before"
bt-20261002-095549,backtest,2026-09-30,LITE,scan,23.207,"5.8% avg daily range, 1.4× volume and +5.7% the day before"
bt-20261002-095549,backtest,2026-09-30,RCL,scan,20.632,"4.0% avg daily range, 1.6× volume and +7.5% the day before"
bt-20261002-095549,backtest,2026-09-30,CBOE,scan,16.788,"3.6% avg daily range, 2.3× volume and +3.4% the day before"
bt-20261002-095549,backtest,2026-09-30,ORCL,scan,16.189,"4.5% avg daily range, 1.5× volume and +3.9% the day before"
bt-20261002-095549,backtest,2026-09-30,CVNA,scan,15.999,"4.4% avg daily range, 1.3× volume and +5.2% the day before"
bt-20261002-095549,backtest,2026-09-30,ARM,scan,15.997,"5.5% avg daily range, 1.2× volume and +3.6% the day before"
bt-20261002-095549,backtest,2026-09-30,SOXL,scan,15.343,"6.6% avg daily range, 0.9× volume and +3.3% the day before"
bt-20261002-095549,backtest,2026-09-30,GEN,scan,15.302,"5.1% avg daily range, 2.5× volume and +0.0% the day before"
bt-20261002-095549,backtest,2026-09-30,DUOL,scan,15.099,"4.7% avg daily range, 0.9× volume and +6.2% the day before"
bt-20261002-095549,backtest,2026-09-30,DASH,scan,13.852,"3.8% avg daily range, 1.3× volume and +4.9% the day before"
bt-20261002-095549,backtest,2026-09-30,RBLX,scan,13.598,"4.8% avg daily range, 1.6× volume and -1.6% the day before"
bt-20261002-095549,backtest,2026-09-30,COHR,scan,13.59,"5.7% avg daily range, 0.9× volume and +3.5% the day before"
bt-20261002-095549,backtest,2026-09-30,NCLH,scan,13.497,"3.8% avg daily range, 1.6× volume and +3.4% the day before"
bt-20261002-095549,backtest,2026-09-30,URI,scan,13.404,"2.9% avg daily range, 2.5× volume and -2.8% the day before"
bt-20261002-095549,backtest,2026-09-30,SLB,scan,13.271,"3.1% avg daily range, 2.1× volume and -3.1% the day before"
bt-20261002-095549,backtest,2026-09-30,FDS,scan,13.179,"4.2% avg daily range, 1.5× volume and -2.9% the day before"
bt-20261002-095549,backtest,2026-09-30,CIEN,scan,12.705,"5.6% avg daily range, 0.9× volume and +3.1% the day before"
bt-20261002-095549,backtest,2026-09-30,PSKY,scan,12.579,"5.3% avg daily range, 1.0× volume and -2.8% the day before"
bt-20261002-095549,backtest,2026-09-30,EFX,scan,12.576,"3.1% avg daily range, 1.9× volume and -3.4% the day before"
bt-20261002-095549,backtest,2026-09-30,TWLO,scan,12.406,"5.6% avg daily range, 1.3× volume and +1.3% the day before"
bt-20261002-095549,backtest,2026-09-30,W,scan,12.001,"4.5% avg daily range, 1.1× volume and +3.4% the day before"
bt-20261002-095549,backtest,2026-09-30,AKAM,scan,11.566,"5.8% avg daily range, 1.3× volume and -0.5% the day before"
bt-20261002-095549,backtest,2026-09-30,FSLR,scan,11.391,"4.9% avg daily range, 1.1× volume and +2.3% the day before"
bt-20261002-095549,backtest,2026-09-30,GLW,scan,11.095,"4.1% avg daily range, 0.9× volume and +4.7% the day before"
bt-20261002-095549,backtest,2026-09-30,MRNA,scan,11.07,"7.1% avg daily range, 0.5× volume and +3.1% the day before"
bt-20261002-095549,backtest,2026-09-30,QBTS,scan,11.065,"5.6% avg daily range, 0.9× volume and -2.1% the day before"
bt-20261002-095549,backtest,2026-09-30,AMAT,scan,10.925,"3.3% avg daily range, 1.1× volume and +5.2% the day before"
bt-20261002-095549,backtest,2026-09-30,CAVA,scan,10.893,"4.0% avg daily range, 1.2× volume and +3.0% the day before"
bt-20261002-095549,backtest,2026-09-30,IONQ,scan,10.73,"6.1% avg daily range, 0.9× volume and -1.5% the day before"
bt-20261002-095549,backtest,2026-09-30,GNRC,scan,10.712,"4.4% avg daily range, 1.0× volume and +3.4% the day before"
bt-20261002-095549,backtest,2026-09-30,AIG,scan,10.673,"2.0% avg daily range, 2.7× volume and +3.4% the day before"
bt-20261002-095549,backtest,2026-09-30,SHOP,scan,10.274,"4.4% avg daily range, 1.0× volume and +3.0% the day before"
bt-20261002-095549,backtest,2026-09-30,S,scan,10.188,"5.3% avg daily range, 0.8× volume and +2.5% the day before"
bt-20261002-095549,backtest,2026-09-30,META,scan,10.175,"3.9% avg daily range, 1.1× volume and +3.2% the day before"
bt-20261002-095549,backtest,2026-09-30,USO,scan,10.158,"3.0% avg daily range, 1.3× volume and -4.4% the day before"
bt-20261002-095549,backtest,2026-10-01,JBL,scan,60.382,"4.4% avg daily range, 4.0× volume and -10.0% the day before"
bt-20261002-095549,backtest,2026-10-01,HUT,scan,36.731,"7.3% avg daily range, 1.5× volume and -7.3% the day before"
bt-20261002-095549,backtest,2026-10-01,FICO,scan,30.953,"4.4% avg daily range, 3.4× volume and -4.1% the day before"
bt-20261002-095549,backtest,2026-10-01,GEN,scan,29.263,"5.5% avg daily range, 2.0× volume and +5.6% the day before"
bt-20261002-095549,backtest,2026-10-01,MDB,scan,29.014,"6.2% avg daily range, 2.3× volume and +3.4% the day before"
bt-20261002-095549,backtest,2026-10-01,BE,scan,19.32,"6.6% avg daily range, 1.0× volume and -4.9% the day before"
bt-20261002-095549,backtest,2026-10-01,SNPS,scan,19.264,"3.6% avg daily range, 2.2× volume and +4.8% the day before"
bt-20261002-095549,backtest,2026-10-01,PSKY,scan,19.089,"5.2% avg daily range, 1.7× volume and +3.4% the day before"
bt-20261002-095549,backtest,2026-10-01,MARA,scan,18.717,"6.7% avg daily range, 0.8× volume and -5.5% the day before"
bt-20261002-095549,backtest,2026-10-01,CBOE,scan,18.326,"3.6% avg daily range, 2.0× volume and +5.2% the day before"
bt-20261002-095549,backtest,2026-10-01,MRNA,scan,17.905,"7.2% avg daily range, 0.7× volume and -5.4% the day before"
bt-20261002-095549,backtest,2026-10-01,HPE,scan,17.809,"5.3% avg daily range, 1.4× volume and +3.9% the day before"
bt-20261002-095549,backtest,2026-10-01,APP,scan,17.524,"4.6% avg daily range, 1.4× volume and -5.0% the day before"
bt-20261002-095549,backtest,2026-10-01,HOOD,scan,16.77,"5.1% avg daily range, 1.5× volume and -3.2% the day before"
bt-20261002-095549,backtest,2026-10-01,RIOT,scan,16.479,"5.9% avg daily range, 0.8× volume and -5.8% the day before"
bt-20261002-095549,backtest,2026-10-01,AI,scan,15.453,"4.4% avg daily range, 1.0× volume and +6.3% the day before"
bt-20261002-095549,backtest,2026-10-01,FDS,scan,15.363,"4.0% avg daily range, 1.7× volume and +3.8% the day before"
bt-20261002-095549,backtest,2026-10-01,AKAM,scan,15.213,"6.0% avg daily range, 1.3× volume and -1.9% the day before"
bt-20261002-095549,backtest,2026-10-01,ACN,scan,15.205,"3.5% avg daily range, 2.0× volume and +3.5% the day before"
bt-20261002-095549,backtest,2026-10-01,DKNG,scan,14.88,"5.5% avg daily range, 1.2× volume and -3.0% the day before"
bt-20261002-095549,backtest,2026-10-01,RBLX,scan,14.427,"4.9% avg daily range, 1.4× volume and +2.9% the day before"
bt-20261002-095549,backtest,2026-10-01,TWLO,scan,13.349,"5.4% avg daily range, 1.7× volume and +0.6% the day before"
bt-20261002-095549,backtest,2026-10-01,TOST,scan,13.034,"3.3% avg daily range, 1.5× volume and -4.8% the day before"
bt-20261002-095549,backtest,2026-10-01,SWKS,scan,13.023,"6.0% avg daily range, 0.9× volume and -2.9% the day before"
bt-20261002-095549,backtest,2026-10-01,CEG,scan,12.888,"3.4% avg daily range, 1.6× volume and -4.0% the day before"
bt-20261002-095549,backtest,2026-10-01,CLSK,scan,12.884,"6.2% avg daily range, 0.8× volume and -3.2% the day before"
bt-20261002-095549,backtest,2026-10-01,RCL,scan,12.068,"4.1% avg daily range, 1.6× volume and +2.0% the day before"
bt-20261002-095549,backtest,2026-10-01,INTC,scan,11.747,"4.7% avg daily range, 0.9× volume and +3.7% the day before"
bt-20261002-095549,backtest,2026-10-01,GM,scan,11.15,"3.2% avg daily range, 1.4× volume and -4.3% the day before"
bt-20261002-095549,backtest,2026-10-01,FLEX,scan,11.111,"4.3% avg daily range, 1.0× volume and -3.4% the day before"
bt-20261002-095549,backtest,2026-10-01,ETSY,scan,11.036,"4.0% avg daily range, 1.2× volume and +3.2% the day before"
bt-20261002-095549,backtest,2026-10-01,MKC,scan,10.988,"2.6% avg daily range, 1.9× volume and -4.1% the day before"
bt-20261002-095549,backtest,2026-10-01,PATH,scan,10.79,"4.7% avg daily range, 0.7× volume and +4.2% the day before"
bt-20261002-095549,backtest,2026-10-01,U,scan,10.721,"4.8% avg daily range, 0.9× volume and +3.0% the day before"
bt-20261002-095549,backtest,2026-10-01,IONQ,scan,10.715,"6.4% avg daily range, 1.1× volume and -0.1% the day before"
bt-20261002-095549,backtest,2026-10-01,S,scan,10.578,"5.1% avg daily range, 1.0× volume and +1.9% the day before"
bt-20261002-095549,backtest,2026-10-01,GIS,scan,10.381,"2.9% avg daily range, 1.3× volume and -4.9% the day before"
bt-20261002-095549,backtest,2026-10-01,SNOW,scan,10.377,"4.1% avg daily range, 1.1× volume and +2.8% the day before"
bt-20261002-095549,backtest,2026-10-01,FDXF,scan,10.344,"3.8% avg daily range, 1.4× volume and -2.4% the day before"
bt-20261002-095549,backtest,2026-10-01,CIEN,scan,10.316,"5.5% avg daily range, 1.1× volume and -0.9% the day before"
