account_id,run_id,mode,timestamp,cash,positions_value,equity,realized_pnl,unrealized_pnl,open_positions
2,live-20261002-151423,live,2026-10-02T09:55:00-04:00,10000.0,0.0,10000.0,0.0,0.0,0
2,live-20261002-151423,live,2026-10-02T10:00:00-04:00,5000.0,5052.05,10052.05,0.0,52.05,5
2,live-20261002-151423,live,2026-10-02T10:05:00-04:00,5000.0,5037.3,10037.3,0.0,37.3,5
2,live-20261002-151423,live,2026-10-02T10:10:00-04:00,5000.0,5004.14,10004.14,0.0,4.14,5
2,live-20261002-151423,live,2026-10-02T10:15:00-04:00,5000.0,4991.13,9991.13,0.0,-8.87,5
2,live-20261002-151423,live,2026-10-02T10:20:00-04:00,5000.0,5004.99,10004.99,0.0,4.99,5
2,live-20261002-151423,live,2026-10-02T10:25:00-04:00,5000.0,5006.42,10006.42,0.0,6.42,5
2,live-20261002-151423,live,2026-10-02T10:30:00-04:00,5000.0,4981.58,9981.58,0.0,-18.42,5
2,live-20261002-151423,live,2026-10-02T10:35:00-04:00,5000.0,4976.23,9976.23,0.0,-23.77,5
2,live-20261002-151423,live,2026-10-02T10:40:00-04:00,5000.0,4969.79,9969.79,0.0,-30.21,5
2,live-20261002-151423,live,2026-10-02T10:45:00-04:00,5000.0,4968.98,9968.98,0.0,-31.02,5
2,live-20261002-151423,live,2026-10-02T10:50:00-04:00,5000.0,4895.76,9895.76,0.0,-104.24,5
2,live-20261002-151423,live,2026-10-02T10:55:00-04:00,5000.0,4898.98,9898.98,0.0,-101.02,5
2,live-20261002-151423,live,2026-10-02T11:00:00-04:00,5000.0,4895.05,9895.05,0.0,-104.95,5
2,live-20261002-151423,live,2026-10-02T11:05:00-04:00,5000.0,4885.46,9885.46,0.0,-114.54,5
2,live-20261002-151423,live,2026-10-02T11:10:00-04:00,5000.0,4876.99,9876.99,0.0,-123.01,5
2,live-20261002-151423,live,2026-10-02T11:15:00-04:00,5000.0,4861.87,9861.87,0.0,-138.13,5
2,live-20261002-151423,live,2026-10-02T11:20:00-04:00,5000.0,4842.37,9842.37,0.0,-157.63,5
2,live-20261002-151423,live,2026-10-02T11:25:00-04:00,5000.0,4859.19,9859.19,0.0,-140.81,5
2,live-20261002-151423,live,2026-10-02T11:30:00-04:00,5000.0,4859.82,9859.82,0.0,-140.18,5
2,live-20261002-151423,live,2026-10-02T11:35:00-04:00,5000.0,4855.36,9855.36,0.0,-144.64,5
2,live-20261002-151423,live,2026-10-02T11:40:00-04:00,5000.0,4841.35,9841.35,0.0,-158.65,5
2,live-20261002-151423,live,2026-10-02T11:45:00-04:00,5000.0,4840.87,9840.87,0.0,-159.13,5
2,live-20261002-151423,live,2026-10-02T11:50:00-04:00,5000.0,4811.11,9811.11,0.0,-188.89,5
2,live-20261002-151423,live,2026-10-02T11:55:00-04:00,5000.0,4836.16,9836.16,0.0,-163.84,5
2,live-20261002-151423,live,2026-10-02T12:00:00-04:00,5000.0,4837.15,9837.15,0.0,-162.85,5
2,live-20261002-151423,live,2026-10-02T12:05:00-04:00,5000.0,4839.37,9839.37,0.0,-160.63,5
2,live-20261002-151423,live,2026-10-02T12:10:00-04:00,5000.0,4834.93,9834.93,0.0,-165.07,5
2,live-20261002-151423,live,2026-10-02T12:15:00-04:00,5000.0,4834.71,9834.71,0.0,-165.29,5
2,live-20261002-151423,live,2026-10-02T12:20:00-04:00,5000.0,4814.27,9814.27,0.0,-185.73,5
2,live-20261002-151423,live,2026-10-02T12:25:00-04:00,5000.0,4807.58,9807.58,0.0,-192.42,5
2,live-20261002-151423,live,2026-10-02T12:30:00-04:00,5000.0,4805.77,9805.77,0.0,-194.23,5
2,live-20261002-151423,live,2026-10-02T12:35:00-04:00,5000.0,4808.98,9808.98,0.0,-191.02,5
2,live-20261002-151423,live,2026-10-02T12:40:00-04:00,5000.0,4796.48,9796.48,0.0,-203.52,5
2,live-20261002-151423,live,2026-10-02T12:45:00-04:00,5000.0,4795.12,9795.12,0.0,-204.88,5
2,live-20261002-151423,live,2026-10-02T12:50:00-04:00,5000.0,4787.85,9787.85,0.0,-212.15,5
2,live-20261002-151423,live,2026-10-02T12:55:00-04:00,5000.0,4787.26,9787.26,0.0,-212.74,5
2,live-20261002-151423,live,2026-10-02T13:00:00-04:00,5000.0,4790.55,9790.55,0.0,-209.45,5
2,live-20261002-151423,live,2026-10-02T13:05:00-04:00,5000.0,4781.12,9781.12,0.0,-218.88,5
2,live-20261002-151423,live,2026-10-02T13:10:00-04:00,5000.0,4781.24,9781.24,0.0,-218.76,5
2,live-20261002-151423,live,2026-10-02T13:15:00-04:00,5000.0,4786.62,9786.62,0.0,-213.38,5
2,live-20261002-151423,live,2026-10-02T13:20:00-04:00,5000.0,4771.83,9771.83,0.0,-228.17,5
2,live-20261002-151423,live,2026-10-02T13:25:00-04:00,5000.0,4774.72,9774.72,0.0,-225.28,5
2,live-20261002-151423,live,2026-10-02T13:30:00-04:00,5000.0,4781.8,9781.8,0.0,-218.2,5
2,live-20261002-151423,live,2026-10-02T13:35:00-04:00,5000.0,4779.75,9779.75,0.0,-220.25,5
2,live-20261002-151423,live,2026-10-02T13:40:00-04:00,5000.0,4779.77,9779.77,0.0,-220.23,5
2,live-20261002-151423,live,2026-10-02T13:45:00-04:00,5000.0,4790.21,9790.21,0.0,-209.79,5
2,live-20261002-151423,live,2026-10-02T13:50:00-04:00,5000.0,4786.44,9786.44,0.0,-213.56,5
2,live-20261002-151423,live,2026-10-02T13:55:00-04:00,5000.0,4795.11,9795.11,0.0,-204.89,5
2,live-20261002-151423,live,2026-10-02T14:00:00-04:00,5000.0,4785.52,9785.52,0.0,-214.48,5
2,live-20261002-151423,live,2026-10-02T14:05:00-04:00,5000.0,4794.02,9794.02,0.0,-205.98,5
2,live-20261002-151423,live,2026-10-02T14:10:00-04:00,5000.0,4797.36,9797.36,0.0,-202.64,5
2,live-20261002-151423,live,2026-10-02T14:15:00-04:00,5000.0,4795.18,9795.18,0.0,-204.82,5
2,live-20261002-151423,live,2026-10-02T14:20:00-04:00,5000.0,4785.64,9785.64,0.0,-214.36,5
2,live-20261002-151423,live,2026-10-02T14:25:00-04:00,5000.0,4781.86,9781.86,0.0,-218.14,5
2,live-20261002-151423,live,2026-10-02T14:30:00-04:00,5000.0,4772.52,9772.52,0.0,-227.48,5
2,live-20261002-151423,live,2026-10-02T14:35:00-04:00,5000.0,4760.1,9760.1,0.0,-239.9,5
2,live-20261002-151423,live,2026-10-02T14:40:00-04:00,5000.0,4761.97,9761.97,0.0,-238.03,5
2,live-20261002-151423,live,2026-10-02T14:45:00-04:00,5000.0,4761.63,9761.63,0.0,-238.37,5
2,live-20261002-151423,live,2026-10-02T14:50:00-04:00,5000.0,4769.73,9769.73,0.0,-230.27,5
2,live-20261002-151423,live,2026-10-02T14:55:00-04:00,5000.0,4769.19,9769.19,0.0,-230.81,5
2,live-20261002-151423,live,2026-10-02T15:00:00-04:00,5000.0,4772.7,9772.7,0.0,-227.3,5
2,live-20261002-151423,live,2026-10-02T15:05:00-04:00,5000.0,4765.71,9765.71,0.0,-234.29,5
2,live-20261002-190538,live,2026-10-02T15:10:00-04:00,5000.0,4765.7,9765.7,0.0,-234.3,5
2,live-20261002-190538,live,2026-10-02T15:15:00-04:00,5000.0,4778.77,9778.77,0.0,-221.23,5
2,live-20261002-190538,live,2026-10-02T15:20:00-04:00,5000.0,4781.55,9781.55,0.0,-218.45,5
2,live-20261002-190538,live,2026-10-02T15:25:00-04:00,5000.0,4780.24,9780.24,0.0,-219.76,5
2,live-20261002-190538,live,2026-10-02T15:30:00-04:00,5000.0,4792.35,9792.35,0.0,-207.65,5
2,live-20261002-190538,live,2026-10-02T15:35:00-04:00,5000.0,4807.25,9807.25,0.0,-192.75,5
2,live-20261002-190538,live,2026-10-02T15:40:00-04:00,5000.0,4798.19,9798.19,0.0,-201.81,5
2,live-20261002-190538,live,2026-10-02T15:45:00-04:00,5000.0,4799.76,9799.76,0.0,-200.24,5
2,live-20261002-190538,live,2026-10-02T15:50:00-04:00,5000.0,4796.75,9796.75,0.0,-203.25,5
2,live-20261002-190538,live,2026-10-02T15:55:00-04:00,5000.0,4804.57,9804.57,0.0,-195.43,5
