run_id,mode,started_at,finished_at,status,bars_processed,fills,signals,equity,cash,data_source,message
bt-20261002-082504,backtest,2026-10-02T08:25:04.811143-04:00,2026-10-02T08:25:06.460523-04:00,ok,3510,10,17,10000.28,8016.98,yahoo,"5 day(s) 2026-09-25..2026-10-01: +0.00% (4 closed, 2 open)"
verify-20261002-082612,verify,2026-10-02T08:26:10.180867-04:00,2026-10-02T08:26:12.859652-04:00,ok,,,,,,,PASS: 12/14 checks passed
verify-20261002-082813,verify,2026-10-02T08:28:09.620860-04:00,2026-10-02T08:28:13.507623-04:00,ok,,,,,,,PASS: 12/14 checks passed
live-20261002-095519,live,2026-10-02T09:55:19.301438-04:00,2026-10-02T09:55:33.424078-04:00,ok,0,0,0,10000.0,10000.0,yahoo,"new paper account #2 with $10,000.00; watching 59 stocks today; "
bt-20261002-095549,backtest,2026-10-02T09:55:49.599419-04:00,2026-10-02T09:56:01.460494-04:00,ok,39768,42,438,10004.36,6166.84,yahoo,"5 day(s) 2026-09-25..2026-10-01: +0.04% (19 closed, 4 open)"
live-20261002-151423,live,2026-10-02T15:14:23.481681-04:00,2026-10-02T15:14:25.671477-04:00,ok,3714,5,117,9765.71,5000.0,yahoo,watching 59 stocks today; 
live-20261002-190538,live,2026-10-02T19:05:38.046227-04:00,2026-10-02T19:05:39.468980-04:00,ok,590,0,6,9804.57,5000.0,yahoo,watching 59 stocks today; 
verify-20261002-204500,verify,2026-10-02T20:44:44.235874-04:00,2026-10-02T20:45:00.080844-04:00,ok,,,,,,,WARN: 12/14 checks passed
live-20261005-171038,live,2026-10-05T17:10:38.225322-04:00,2026-10-05T17:10:54.995984-04:00,ok,6391,0,132,9779.87,5000.0,yahoo,watching 40 stocks today; 
verify-20261005-215501,verify,2026-10-05T21:54:40.510774-04:00,2026-10-05T21:55:01.305765-04:00,ok,,,,,,,WARN: 13/14 checks passed
live-20261006-145332,live,2026-10-06T14:53:32.173128-04:00,2026-10-06T14:53:42.704925-04:00,ok,5184,0,278,9763.6,5000.0,yahoo,watching 58 stocks today; 
live-20261006-185948,live,2026-10-06T18:59:48.809211-04:00,2026-10-06T18:59:50.170737-04:00,ok,840,0,17,9742.55,5000.0,yahoo,watching 58 stocks today; 
verify-20261006-210143,verify,2026-10-06T21:01:19.367072-04:00,2026-10-06T21:01:43.593110-04:00,ok,,,,,,,WARN: 13/14 checks passed
live-20261007-151900,live,2026-10-07T15:19:00.896289-04:00,2026-10-07T15:19:18.987428-04:00,ok,6817,0,215,9526.15,5000.0,yahoo,watching 59 stocks today; 
live-20261007-193857,live,2026-10-07T19:38:57.771432-04:00,2026-10-07T19:38:58.976884-04:00,ok,566,0,5,9562.31,5000.0,yahoo,watching 59 stocks today; 
