account_id,run_id,mode,timestamp,ticker,price,prev_close,change_pct,vol_ratio,decision,decided_by,confidence,reason,target_price,score
2,live-20261002-151423,live,2026-10-02T09:55:00-04:00,SOXL,167.9071,153.69,9.25,5.19,BUY,rules,,trigger met,,48.02
2,live-20261002-151423,live,2026-10-02T09:55:00-04:00,CLSK,13.24,12.52,5.75,3.1,BUY,rules,,trigger met,,17.82
2,live-20261002-151423,live,2026-10-02T09:55:00-04:00,MARA,11.99,11.21,6.96,2.56,BUY,rules,,trigger met,,17.81
2,live-20261002-151423,live,2026-10-02T09:55:00-04:00,APP,272.66,281.31,-3.07,5.73,PASS,rules,,down move — strategy only buys strength,,17.61
2,live-20261002-151423,live,2026-10-02T09:55:00-04:00,FICO,650.0,661.75,-1.78,8.52,PASS,rules,,down move — strategy only buys strength,,15.12
2,live-20261002-151423,live,2026-10-02T09:55:00-04:00,RIOT,20.73,19.61,5.71,2.55,BUY,rules,,trigger met,,14.57
2,live-20261002-151423,live,2026-10-02T09:55:00-04:00,ACN,205.49,212.3,-3.21,3.85,PASS,rules,,down move — strategy only buys strength,,12.35
2,live-20261002-151423,live,2026-10-02T09:55:00-04:00,SNDK,1742.1356,1787.6899,-2.55,3.36,PASS,rules,,down move — strategy only buys strength,,8.56
2,live-20261002-151423,live,2026-10-02T09:55:00-04:00,S,25.6,24.67,3.77,1.96,BUY,rules,,trigger met,,7.4
2,live-20261002-151423,live,2026-10-02T09:55:00-04:00,AKAM,110.58,106.93,3.41,1.87,SKIP,rules,,max open positions reached,,6.4
2,live-20261002-151423,live,2026-10-02T09:55:00-04:00,U,44.685,43.61,2.47,2.18,SKIP,rules,,max open positions reached,,5.37
2,live-20261002-151423,live,2026-10-02T09:55:00-04:00,COHR,325.61,319.19,2.01,2.58,SKIP,rules,,max open positions reached,,5.18
2,live-20261002-151423,live,2026-10-02T09:55:00-04:00,RDDT,146.38,149.53,-2.11,1.79,SKIP,rules,,max open positions reached,,3.76
2,live-20261002-151423,live,2026-10-02T09:55:00-04:00,VLO,400.61,408.46,-1.92,1.44,SKIP,rules,,max open positions reached,,2.76
2,live-20261002-151423,live,2026-10-02T10:00:00-04:00,CTVA,12.78,12.57,1.67,15.63,SKIP,rules,,max open positions reached,,16.71
2,live-20261002-151423,live,2026-10-02T10:00:00-04:00,HUT,91.625,86.36,6.1,2.28,SKIP,rules,,max open positions reached,,13.91
2,live-20261002-151423,live,2026-10-02T10:00:00-04:00,LITE,1070.5909,1045.78,2.37,2.93,SKIP,rules,,max open positions reached,,6.95
2,live-20261002-151423,live,2026-10-02T10:00:00-04:00,MKC,44.9,44.14,1.72,2.3,SKIP,rules,,max open positions reached,,3.96
2,live-20261002-151423,live,2026-10-02T10:00:00-04:00,GLW,163.36,160.42,1.83,1.84,SKIP,rules,,max open positions reached,,3.37
2,live-20261002-151423,live,2026-10-02T10:00:00-04:00,JBL,305.58,299.79,1.93,1.69,SKIP,rules,,max open positions reached,,3.26
2,live-20261002-151423,live,2026-10-02T10:00:00-04:00,MPC,413.215,420.15,-1.65,1.31,SKIP,rules,,max open positions reached,,2.16
2,live-20261002-151423,live,2026-10-02T10:00:00-04:00,CTSH,59.93,60.88,-1.56,1.26,SKIP,rules,,max open positions reached,,1.96
2,live-20261002-151423,live,2026-10-02T10:05:00-04:00,TWLO,295.57,301.27,-1.89,2.27,SKIP,rules,,max open positions reached,,4.3
2,live-20261002-151423,live,2026-10-02T10:05:00-04:00,PSKY,9.535,9.34,2.09,1.46,SKIP,rules,,max open positions reached,,3.05
2,live-20261002-151423,live,2026-10-02T10:25:00-04:00,ACN,201.57,212.3,-5.05,3.11,SKIP,rules,,max open positions reached,,15.73
2,live-20261002-151423,live,2026-10-02T10:25:00-04:00,AKAM,112.39,106.93,5.11,2.05,SKIP,rules,,max open positions reached,,10.45
2,live-20261002-151423,live,2026-10-02T10:25:00-04:00,COHR,330.365,319.19,3.5,2.11,SKIP,rules,,max open positions reached,,7.38
2,live-20261002-151423,live,2026-10-02T10:25:00-04:00,VLO,394.08,408.46,-3.52,1.3,SKIP,rules,,max open positions reached,,4.58
2,live-20261002-151423,live,2026-10-02T10:25:00-04:00,SNDK,1753.42,1787.6899,-1.92,2.19,SKIP,rules,,max open positions reached,,4.19
2,live-20261002-151423,live,2026-10-02T10:30:00-04:00,CTVA,12.935,12.57,2.9,15.65,SKIP,rules,,max open positions reached,,29.04
2,live-20261002-151423,live,2026-10-02T10:30:00-04:00,HUT,91.84,86.36,6.35,1.91,SKIP,rules,,max open positions reached,,12.1
2,live-20261002-151423,live,2026-10-02T10:30:00-04:00,LITE,1073.46,1045.78,2.65,2.25,SKIP,rules,,max open positions reached,,5.94
2,live-20261002-151423,live,2026-10-02T10:30:00-04:00,U,44.595,43.61,2.26,1.64,SKIP,rules,,max open positions reached,,3.71
2,live-20261002-151423,live,2026-10-02T10:30:00-04:00,MPC,408.895,420.15,-2.68,1.24,SKIP,rules,,max open positions reached,,3.33
2,live-20261002-151423,live,2026-10-02T10:30:00-04:00,GLW,163.3099,160.42,1.8,1.43,SKIP,rules,,max open positions reached,,2.58
2,live-20261002-151423,live,2026-10-02T10:35:00-04:00,PSKY,9.665,9.34,3.48,1.44,SKIP,rules,,max open positions reached,,5.01
2,live-20261002-151423,live,2026-10-02T10:35:00-04:00,TWLO,295.19,301.27,-2.02,2.14,SKIP,rules,,max open positions reached,,4.32
2,live-20261002-151423,live,2026-10-02T10:35:00-04:00,JBL,305.89,299.79,2.03,1.33,SKIP,rules,,max open positions reached,,2.71
2,live-20261002-151423,live,2026-10-02T10:55:00-04:00,ACN,202.105,212.3,-4.8,2.56,SKIP,rules,,max open positions reached,,12.28
2,live-20261002-151423,live,2026-10-02T10:55:00-04:00,COHR,335.785,319.19,5.2,2.0,SKIP,rules,,max open positions reached,,10.41
2,live-20261002-151423,live,2026-10-02T10:55:00-04:00,AKAM,111.54,106.93,4.31,1.81,SKIP,rules,,max open positions reached,,7.79
2,live-20261002-151423,live,2026-10-02T10:55:00-04:00,SNDK,1730.266,1787.6899,-3.21,1.79,SKIP,rules,,max open positions reached,,5.74
2,live-20261002-151423,live,2026-10-02T10:55:00-04:00,APP,276.12,281.31,-1.84,2.92,SKIP,rules,,max open positions reached,,5.39
2,live-20261002-151423,live,2026-10-02T10:55:00-04:00,SNAP,5.745,5.65,1.68,1.21,SKIP,rules,,max open positions reached,,2.04
2,live-20261002-151423,live,2026-10-02T11:00:00-04:00,ON,84.55,80.08,5.58,4.17,SKIP,rules,,max open positions reached,,23.28
2,live-20261002-151423,live,2026-10-02T11:00:00-04:00,CTVA,12.765,12.57,1.55,13.88,SKIP,rules,,max open positions reached,,15.51
2,live-20261002-151423,live,2026-10-02T11:00:00-04:00,LITE,1068.08,1045.78,2.13,2.13,SKIP,rules,,max open positions reached,,4.55
2,live-20261002-151423,live,2026-10-02T11:00:00-04:00,DKNG,19.05,19.35,-1.55,2.11,SKIP,rules,,max open positions reached,,3.27
2,live-20261002-151423,live,2026-10-02T11:00:00-04:00,GLW,163.945,160.42,2.2,1.23,SKIP,rules,,max open positions reached,,2.69
2,live-20261002-151423,live,2026-10-02T11:05:00-04:00,TWLO,296.215,301.27,-1.68,1.8,SKIP,rules,,max open positions reached,,3.03
2,live-20261002-151423,live,2026-10-02T11:05:00-04:00,JBL,306.4801,299.79,2.23,1.23,SKIP,rules,,max open positions reached,,2.75
2,live-20261002-151423,live,2026-10-02T11:10:00-04:00,MU,1080.8101,1097.39,-1.51,1.92,SKIP,rules,,max open positions reached,,2.91
2,live-20261002-151423,live,2026-10-02T11:10:00-04:00,PSKY,9.535,9.34,2.09,1.33,SKIP,rules,,max open positions reached,,2.77
2,live-20261002-151423,live,2026-10-02T11:25:00-04:00,COHR,333.385,319.19,4.45,1.9,SKIP,rules,,max open positions reached,,8.47
2,live-20261002-151423,live,2026-10-02T11:25:00-04:00,APP,272.825,281.31,-3.02,2.49,SKIP,rules,,max open positions reached,,7.5
2,live-20261002-151423,live,2026-10-02T11:25:00-04:00,ACN,205.925,212.3,-3.0,2.43,SKIP,rules,,max open positions reached,,7.29
2,live-20261002-151423,live,2026-10-02T11:25:00-04:00,AKAM,111.335,106.93,4.12,1.66,SKIP,rules,,max open positions reached,,6.85
2,live-20261002-151423,live,2026-10-02T11:25:00-04:00,SNDK,1718.27,1787.6899,-3.88,1.55,SKIP,rules,,max open positions reached,,6.02
2,live-20261002-151423,live,2026-10-02T11:30:00-04:00,ON,84.575,80.08,5.61,3.47,SKIP,rules,,max open positions reached,,19.47
2,live-20261002-151423,live,2026-10-02T11:30:00-04:00,LITE,1080.99,1045.78,3.37,1.84,SKIP,rules,,max open positions reached,,6.18
2,live-20261002-151423,live,2026-10-02T11:30:00-04:00,DKNG,18.78,19.35,-2.95,1.94,SKIP,rules,,max open positions reached,,5.71
2,live-20261002-151423,live,2026-10-02T11:35:00-04:00,CTVA,12.375,12.57,-1.55,12.82,SKIP,rules,,max open positions reached,,15.51
2,live-20261002-151423,live,2026-10-02T11:35:00-04:00,TWLO,295.35,301.27,-1.97,1.53,SKIP,rules,,max open positions reached,,3.01
2,live-20261002-151423,live,2026-10-02T11:40:00-04:00,MU,1079.91,1097.39,-1.59,1.71,SKIP,rules,,max open positions reached,,2.72
2,live-20261002-151423,live,2026-10-02T11:55:00-04:00,ACN,202.045,212.3,-4.83,2.22,SKIP,rules,,max open positions reached,,10.72
2,live-20261002-151423,live,2026-10-02T11:55:00-04:00,APP,270.4599,281.31,-3.86,2.3,SKIP,rules,,max open positions reached,,8.89
2,live-20261002-151423,live,2026-10-02T11:55:00-04:00,COHR,335.1021,319.19,4.99,1.68,SKIP,rules,,max open positions reached,,8.38
2,live-20261002-151423,live,2026-10-02T11:55:00-04:00,AKAM,112.182,106.93,4.91,1.47,SKIP,rules,,max open positions reached,,7.22
2,live-20261002-151423,live,2026-10-02T11:55:00-04:00,SNDK,1737.05,1787.6899,-2.83,1.37,SKIP,rules,,max open positions reached,,3.88
2,live-20261002-151423,live,2026-10-02T12:00:00-04:00,LITE,1088.15,1045.78,4.05,1.65,SKIP,rules,,max open positions reached,,6.67
2,live-20261002-151423,live,2026-10-02T12:00:00-04:00,DKNG,18.68,19.35,-3.46,1.77,SKIP,rules,,max open positions reached,,6.14
2,live-20261002-151423,live,2026-10-02T12:05:00-04:00,CTVA,12.125,12.57,-3.54,11.35,SKIP,rules,,max open positions reached,,35.4
2,live-20261002-151423,live,2026-10-02T12:05:00-04:00,TWLO,295.18,301.27,-2.02,1.4,SKIP,rules,,max open positions reached,,2.84
2,live-20261002-151423,live,2026-10-02T12:15:00-04:00,FICO,672.305,661.75,1.6,3.5,SKIP,rules,,max open positions reached,,5.59
2,live-20261002-151423,live,2026-10-02T12:25:00-04:00,ACN,201.58,212.3,-5.05,2.05,SKIP,rules,,max open positions reached,,10.33
2,live-20261002-151423,live,2026-10-02T12:25:00-04:00,APP,271.095,281.31,-3.63,2.14,SKIP,rules,,max open positions reached,,7.77
2,live-20261002-151423,live,2026-10-02T12:25:00-04:00,COHR,334.455,319.19,4.78,1.51,SKIP,rules,,max open positions reached,,7.23
2,live-20261002-151423,live,2026-10-02T12:25:00-04:00,AKAM,112.05,106.93,4.79,1.33,SKIP,rules,,max open positions reached,,6.37
2,live-20261002-151423,live,2026-10-02T12:25:00-04:00,SNDK,1729.37,1787.6899,-3.26,1.22,SKIP,rules,,max open positions reached,,4.0
2,live-20261002-151423,live,2026-10-02T12:30:00-04:00,DKNG,18.57,19.35,-4.03,1.7,SKIP,rules,,max open positions reached,,6.87
2,live-20261002-151423,live,2026-10-02T12:30:00-04:00,LITE,1084.265,1045.78,3.68,1.44,SKIP,rules,,max open positions reached,,5.3
2,live-20261002-151423,live,2026-10-02T12:30:00-04:00,MU,1080.6899,1097.39,-1.52,1.4,SKIP,rules,,max open positions reached,,2.13
2,live-20261002-151423,live,2026-10-02T12:35:00-04:00,CTVA,12.145,12.57,-3.38,10.23,SKIP,rules,,max open positions reached,,33.81
2,live-20261002-151423,live,2026-10-02T12:35:00-04:00,TWLO,295.2488,301.27,-2.0,1.27,SKIP,rules,,max open positions reached,,2.54
2,live-20261002-151423,live,2026-10-02T12:45:00-04:00,FICO,674.3,661.75,1.9,3.23,SKIP,rules,,max open positions reached,,6.12
2,live-20261002-151423,live,2026-10-02T12:55:00-04:00,ACN,201.48,212.3,-5.1,1.87,SKIP,rules,,max open positions reached,,9.52
2,live-20261002-151423,live,2026-10-02T12:55:00-04:00,APP,271.7,281.31,-3.42,1.93,SKIP,rules,,max open positions reached,,6.59
2,live-20261002-151423,live,2026-10-02T12:55:00-04:00,AKAM,112.345,106.93,5.06,1.2,SKIP,rules,,max open positions reached,,6.08
2,live-20261002-151423,live,2026-10-02T12:55:00-04:00,COHR,332.915,319.19,4.3,1.38,SKIP,rules,,max open positions reached,,5.95
2,live-20261002-151423,live,2026-10-02T13:00:00-04:00,ON,84.62,80.08,5.67,2.49,SKIP,rules,,max open positions reached,,14.11
2,live-20261002-151423,live,2026-10-02T13:00:00-04:00,LITE,1088.51,1045.78,4.09,1.31,SKIP,rules,,max open positions reached,,5.35
2,live-20261002-151423,live,2026-10-02T13:00:00-04:00,DKNG,19.04,19.35,-1.6,1.68,SKIP,rules,,max open positions reached,,2.68
2,live-20261002-151423,live,2026-10-02T13:00:00-04:00,MU,1079.4,1097.39,-1.64,1.27,SKIP,rules,,max open positions reached,,2.09
2,live-20261002-151423,live,2026-10-02T13:05:00-04:00,CTVA,12.121,12.57,-3.57,9.81,SKIP,rules,,max open positions reached,,35.05
2,live-20261002-151423,live,2026-10-02T13:05:00-04:00,TWLO,295.165,301.27,-2.03,1.26,SKIP,rules,,max open positions reached,,2.56
2,live-20261002-151423,live,2026-10-02T13:25:00-04:00,ACN,200.5,212.3,-5.56,1.73,SKIP,rules,,max open positions reached,,9.61
2,live-20261002-151423,live,2026-10-02T13:25:00-04:00,APP,270.405,281.31,-3.88,1.78,SKIP,rules,,max open positions reached,,6.89
2,live-20261002-151423,live,2026-10-02T13:25:00-04:00,COHR,334.915,319.19,4.93,1.31,SKIP,rules,,max open positions reached,,6.45
2,live-20261002-151423,live,2026-10-02T13:30:00-04:00,DKNG,18.8,19.35,-2.84,1.58,SKIP,rules,,max open positions reached,,4.5
2,live-20261002-151423,live,2026-10-02T13:30:00-04:00,LITE,1084.535,1045.78,3.71,1.2,SKIP,rules,,max open positions reached,,4.46
2,live-20261002-151423,live,2026-10-02T13:35:00-04:00,CTVA,12.075,12.57,-3.94,9.37,SKIP,rules,,max open positions reached,,36.91
2,live-20261002-151423,live,2026-10-02T13:55:00-04:00,ACN,199.7,212.3,-5.94,1.6,SKIP,rules,,max open positions reached,,9.5
2,live-20261002-151423,live,2026-10-02T13:55:00-04:00,APP,271.09,281.31,-3.63,1.68,SKIP,rules,,max open positions reached,,6.1
2,live-20261002-151423,live,2026-10-02T13:55:00-04:00,COHR,334.845,319.19,4.9,1.22,SKIP,rules,,max open positions reached,,6.0
2,live-20261002-151423,live,2026-10-02T14:00:00-04:00,DKNG,18.8907,19.35,-2.37,1.47,SKIP,rules,,max open positions reached,,3.5
2,live-20261002-151423,live,2026-10-02T14:05:00-04:00,CTVA,12.105,12.57,-3.7,8.96,SKIP,rules,,max open positions reached,,33.14
2,live-20261002-151423,live,2026-10-02T14:10:00-04:00,PSKY,9.19,9.34,-1.61,1.26,SKIP,rules,,max open positions reached,,2.03
2,live-20261002-151423,live,2026-10-02T14:25:00-04:00,ACN,199.3,212.3,-6.12,1.54,SKIP,rules,,max open positions reached,,9.44
2,live-20261002-151423,live,2026-10-02T14:25:00-04:00,APP,270.69,281.31,-3.78,1.59,SKIP,rules,,max open positions reached,,6.01
2,live-20261002-151423,live,2026-10-02T14:30:00-04:00,DKNG,18.895,19.35,-2.35,1.38,SKIP,rules,,max open positions reached,,3.24
2,live-20261002-151423,live,2026-10-02T14:35:00-04:00,CTVA,11.975,12.57,-4.73,8.8,SKIP,rules,,max open positions reached,,41.67
2,live-20261002-151423,live,2026-10-02T14:40:00-04:00,PSKY,9.04,9.34,-3.21,1.4,SKIP,rules,,max open positions reached,,4.51
2,live-20261002-151423,live,2026-10-02T14:45:00-04:00,BA,195.6001,192.28,1.73,1.36,SKIP,rules,,max open positions reached,,2.34
2,live-20261002-151423,live,2026-10-02T14:55:00-04:00,ACN,199.625,212.3,-5.97,1.46,SKIP,rules,,max open positions reached,,8.7
2,live-20261002-151423,live,2026-10-02T14:55:00-04:00,APP,271.87,281.31,-3.36,1.51,SKIP,rules,,max open positions reached,,5.06
2,live-20261002-151423,live,2026-10-02T15:00:00-04:00,DKNG,18.8677,19.35,-2.49,1.29,SKIP,rules,,max open positions reached,,3.22
2,live-20261002-151423,live,2026-10-02T15:05:00-04:00,CTVA,12.155,12.57,-3.3,8.44,SKIP,rules,,max open positions reached,,27.88
