scope,fill_id,trade_id,ticker,side,timestamp,price,reason,bar_low,bar_high,ref_source,ref_low,ref_high,within_ref
live,1,1,CLSK,BUY,2026-10-02T10:00:00-04:00,13.2366,rules: trigger met,13.1901,13.455,yahoo daily (same vendor),,,
live,2,2,MARA,BUY,2026-10-02T10:00:00-04:00,11.9959,rules: trigger met,11.9388,12.205,yahoo daily (same vendor),,,
live,3,3,RIOT,BUY,2026-10-02T10:00:00-04:00,20.7204,rules: trigger met,20.68,21.0899,yahoo daily (same vendor),,,
live,4,4,S,BUY,2026-10-02T10:00:00-04:00,25.6128,rules: trigger met,25.51,25.615,yahoo daily (same vendor),,,
live,5,5,SOXL,BUY,2026-10-02T10:00:00-04:00,168.014,rules: trigger met,167.22,169.65,yahoo daily (same vendor),,,
bt-20261002-095549,1,1,ARM,BUY,2026-09-25T09:35:00-04:00,321.1755,rules: trigger met,319.15,322.6428,yahoo daily (same vendor),310.0799865722656,325.4800109863281,yes
bt-20261002-095549,2,2,BE,BUY,2026-09-25T09:35:00-04:00,275.5627,rules: trigger met,274.76,277.71,yahoo daily (same vendor),264.0140075683594,292.7200012207031,yes
bt-20261002-095549,3,2,BE,SELL,2026-09-25T09:35:00-04:00,277.5627,target,274.76,277.71,yahoo daily (same vendor),264.0140075683594,292.7200012207031,yes
bt-20261002-095549,4,3,FSLR,BUY,2026-09-25T09:35:00-04:00,177.0785,rules: trigger met,176.1604,178.45,yahoo daily (same vendor),173.44000244140625,180.9199981689453,yes
bt-20261002-095549,5,4,SNDK,BUY,2026-09-25T09:35:00-04:00,1800.5381,rules: trigger met,1797.1776,1814.96,yahoo daily (same vendor),1742.5899658203125,1815.0,yes
bt-20261002-095549,6,4,SNDK,SELL,2026-09-25T09:35:00-04:00,1802.5381,target,1797.1776,1814.96,yahoo daily (same vendor),1742.5899658203125,1815.0,yes
bt-20261002-095549,7,5,ETSY,BUY,2026-09-25T09:40:00-04:00,70.2351,rules: trigger met,69.55,70.38,yahoo daily (same vendor),68.4000015258789,71.30000305175781,yes
bt-20261002-095549,8,6,P,BUY,2026-09-25T09:40:00-04:00,125.3727,rules: trigger met,125.31,127.4499,yahoo daily (same vendor),122.30000305175781,128.36000061035156,yes
bt-20261002-095549,9,6,P,SELL,2026-09-25T09:40:00-04:00,127.3727,target,125.31,127.4499,yahoo daily (same vendor),122.30000305175781,128.36000061035156,yes
bt-20261002-095549,10,1,ARM,SELL,2026-09-25T09:45:00-04:00,323.1755,target,320.0,323.5,yahoo daily (same vendor),310.0799865722656,325.4800109863281,yes
bt-20261002-095549,11,7,WDC,BUY,2026-09-25T09:45:00-04:00,458.4741,rules: trigger met,453.58,458.9174,yahoo daily (same vendor),447.69000244140625,461.9800109863281,yes
bt-20261002-095549,12,8,COHR,BUY,2026-09-25T09:55:00-04:00,295.2375,rules: trigger met,293.34,295.6416,yahoo daily (same vendor),290.2799987792969,301.7699890136719,yes
bt-20261002-095549,13,7,WDC,SELL,2026-09-25T10:45:00-04:00,460.4741,target,455.1878,461.98,yahoo daily (same vendor),447.69000244140625,461.9800109863281,yes
bt-20261002-095549,14,9,RGTI,BUY,2026-09-25T11:20:00-04:00,17.0335,rules: trigger met,17.0238,17.19,yahoo daily (same vendor),16.360000610351562,17.295000076293945,yes
bt-20261002-095549,15,10,IONQ,BUY,2026-09-25T11:25:00-04:00,46.2731,rules: trigger met,45.73,46.36,yahoo daily (same vendor),44.119998931884766,46.54999923706055,yes
bt-20261002-095549,16,3,FSLR,SELL,2026-09-25T11:45:00-04:00,179.0785,target,177.75,179.21,yahoo daily (same vendor),173.44000244140625,180.9199981689453,yes
bt-20261002-095549,17,8,COHR,SELL,2026-09-25T12:05:00-04:00,297.2375,target,295.6082,299.595,yahoo daily (same vendor),290.2799987792969,301.7699890136719,yes
bt-20261002-095549,18,11,QBTS,BUY,2026-09-25T12:25:00-04:00,17.7589,rules: trigger met,17.66,17.78,yahoo daily (same vendor),17.229999542236328,18.0,yes
bt-20261002-095549,19,12,P,BUY,2026-09-28T09:35:00-04:00,128.7143,rules: trigger met,127.12,129.5,yahoo daily (same vendor),124.5999984741211,130.8800048828125,yes
bt-20261002-095549,20,12,P,SELL,2026-09-28T15:25:00-04:00,130.7143,target,130.52,130.88,yahoo daily (same vendor),124.5999984741211,130.8800048828125,yes
bt-20261002-095549,21,13,BE,BUY,2026-09-29T09:35:00-04:00,283.0965,rules: trigger met,282.0589,286.4261,yahoo daily (same vendor),271.20001220703125,302.35400390625,yes
bt-20261002-095549,22,13,BE,SELL,2026-09-29T09:35:00-04:00,285.0965,target,282.0589,286.4261,yahoo daily (same vendor),271.20001220703125,302.35400390625,yes
bt-20261002-095549,23,14,SOXL,BUY,2026-09-29T09:40:00-04:00,148.2741,rules: trigger met,146.73,148.479,yahoo daily (same vendor),145.49000549316406,152.3699951171875,yes
bt-20261002-095549,24,14,SOXL,SELL,2026-09-29T09:55:00-04:00,150.2741,target,149.705,150.855,yahoo daily (same vendor),145.49000549316406,152.3699951171875,yes
bt-20261002-095549,25,15,LITE,BUY,2026-09-29T10:00:00-04:00,996.518,rules: trigger met,969.0,996.99,yahoo daily (same vendor),934.5050048828125,998.8800048828125,yes
bt-20261002-095549,26,15,LITE,SELL,2026-09-30T09:30:00-04:00,998.518,target,972.52,1009.45,yahoo daily (same vendor),940.27001953125,1009.4500122070312,yes
bt-20261002-095549,27,16,MDB,BUY,2026-09-30T09:35:00-04:00,358.179,rules: trigger met,355.0,370.4295,yahoo daily (same vendor),339.92999267578125,370.42999267578125,yes
bt-20261002-095549,28,16,MDB,SELL,2026-09-30T09:35:00-04:00,360.179,target,355.0,370.4295,yahoo daily (same vendor),339.92999267578125,370.42999267578125,yes
bt-20261002-095549,29,17,USO,BUY,2026-09-30T09:40:00-04:00,146.9584,rules: trigger met,146.49,146.92,yahoo daily (same vendor),145.3300018310547,147.8800048828125,yes
bt-20261002-095549,30,5,ETSY,SELL,2026-09-30T10:00:00-04:00,72.2351,target,71.39,72.33,yahoo daily (same vendor),69.52999877929688,73.2249984741211,yes
bt-20261002-095549,31,18,GEN,BUY,2026-09-30T10:05:00-04:00,21.4557,rules: trigger met,21.435,21.6,yahoo daily (same vendor),20.75,22.3799991607666,yes
bt-20261002-095549,32,17,USO,SELL,2026-10-01T11:10:00-04:00,148.9584,target,148.42,149.05,yahoo daily (same vendor),145.58999633789062,150.6699981689453,yes
bt-20261002-095549,33,19,FICO,BUY,2026-10-01T11:15:00-04:00,647.3235,rules: trigger met,644.88,648.65,yahoo daily (same vendor),620.0,675.8699951171875,yes
bt-20261002-095549,34,19,FICO,SELL,2026-10-01T11:20:00-04:00,649.3235,target,645.7475,649.9202,yahoo daily (same vendor),620.0,675.8699951171875,yes
bt-20261002-095549,35,20,JBL,BUY,2026-10-01T11:25:00-04:00,295.4927,rules: trigger met,295.275,296.04,yahoo daily (same vendor),285.4599914550781,300.04998779296875,yes
bt-20261002-095549,36,20,JBL,SELL,2026-10-01T11:35:00-04:00,297.4927,target,295.605,297.655,yahoo daily (same vendor),285.4599914550781,300.04998779296875,yes
bt-20261002-095549,37,21,TWLO,BUY,2026-10-01T11:40:00-04:00,298.079,rules: trigger met,297.93,299.82,yahoo daily (same vendor),287.510009765625,305.95001220703125,yes
bt-20261002-095549,38,21,TWLO,SELL,2026-10-01T11:55:00-04:00,300.079,target,299.74,300.6604,yahoo daily (same vendor),287.510009765625,305.95001220703125,yes
bt-20261002-095549,39,22,FDS,BUY,2026-10-01T12:10:00-04:00,277.3686,rules: trigger met,276.355,277.32,yahoo daily (same vendor),273.4700012207031,285.4800109863281,yes
bt-20261002-095549,40,22,FDS,SELL,2026-10-01T12:40:00-04:00,279.41,target (gap up),278.0,279.41,yahoo daily (same vendor),273.4700012207031,285.4800109863281,yes
bt-20261002-095549,41,23,SNPS,BUY,2026-10-01T12:45:00-04:00,480.6302,rules: trigger met,479.96,480.9799,yahoo daily (same vendor),462.0,496.95001220703125,yes
bt-20261002-095549,42,23,SNPS,SELL,2026-10-01T12:55:00-04:00,482.6302,target,480.74,482.99,yahoo daily (same vendor),462.0,496.95001220703125,yes
